min_df=1,,min_df=2,,min_df=3,
word,TF-IDF,word,TF-IDF,word,TF-IDF
君,0.05046234,君,0.069378844,君,0.080401606
ん,0.045021908,ん,0.061826852,ん,0.075440252
いる,0.041359079,いる,0.057822097,いる,0.067569573
僕,0.035266362,れる,0.047133916,れる,0.058161819
空,0.032560863,僕,0.046684709,の,0.055016524
の,0.030465738,空,0.045763022,僕,0.054562328
する,0.030310285,いく,0.045653673,する,0.053569792
れる,0.029341345,する,0.04510462,いく,0.052636538
歌う,0.02926327,こと,0.043511491,空,0.052094913
いく,0.028733188,の,0.04336223,こと,0.050747423
ない,0.027754478,ない,0.040991555,ない,0.048885148
こと,0.027453473,なる,0.040734594,なる,0.047637176
誰,0.023550021,歌う,0.037580769,行く,0.044569569
なる,0.023494971,てる,0.035105876,てる,0.042704706
0,0.023127628,誰,0.03453878,歌う,0.040359031
行く,0.022922445,行く,0.034073086,誰,0.040131781
てる,0.022613542,僕ら,0.031862171,どこ,0.039587479
どこ,0.022347823,よう,0.031273658,よう,0.039135579
よう,0.021465436,どこ,0.030681652,中,0.036607109
日,0.021331192,中,0.030171952,日,0.036081944
中,0.019330185,いい,0.029457843,僕ら,0.034672085
彼女,0.019084498,日,0.028513513,いい,0.034213967
バンド,0.018724788,0,0.025501056,バンド,0.028845359
僕ら,0.017883473,彼女,0.025324795,彼女,0.028787132
いい,0.017747899,くれる,0.024828993,そう,0.028413961
くれる,0.017148348,しまう,0.02458534,思う,0.028166876
思う,0.017101765,バンド,0.024516842,くれる,0.027768549
何,0.016563494,そう,0.023661269,しまう,0.027590666
愛,0.0164487,思う,0.023455824,何,0.026544505
しまう,0.016440024,何,0.023235243,太陽,0.026488557
そう,0.016203001,love,0.023109801,風,0.026236594
心,0.016130033,愛す,0.021149771,is,0.024700885
兄弟,0.015771962,笑う,0.020900997,愛す,0.024241161
旅,0.015747975,太陽,0.020877778,街,0.023716494
is,0.014707314,風,0.020339257,あげる,0.023617857
愛す,0.014363024,is,0.020275848,言う,0.023594964
出る,0.014080378,旅,0.019214474,一,0.023168809
笑う,0.01383294,心,0.019054179,笑う,0.022888182
世界,0.013727214,街,0.019053509,踊る,0.022736612
胸,0.013635733,胸,0.019007306,胸,0.022427561
money,0.013530765,遠い,0.018982629,前,0.022277742
歌,0.013496993,愛,0.018969399,分かる,0.022032812
人,0.013224558,一,0.01874673,人,0.021936079
言う,0.013118852,さ,0.018638214,遠い,0.021887131
トワイライト,0.013105443,言う,0.018486713,心,0.021806986
思い出す,0.013088181,南,0.01836576,1,0.020981025
太陽,0.012782848,兄弟,0.01827375,旅,0.020805882
分かる,0.012708802,忘れる,0.018206907,みる,0.020764226
優花,0.012615585,あげる,0.018101758,さ,0.020343378
街,0.012553814,いつか,0.018058627,愛,0.020304232
見る,0.012489295,踊る,0.01796695,いつか,0.020295061
さ,0.01246796,分かる,0.017942385,忘れる,0.019976423
潜る,0.012429727,世界,0.017728034,揺れる,0.01993335
あげる,0.012382647,思い出す,0.017651995,音,0.01992877
風,0.01237794,me,0.017550397,ロックンロール,0.019906387
られる,0.012376012,歌,0.017524757,着る,0.019819729
知之,0.012281351,前,0.017412565,俺,0.019801473
ボディーランゲージ,0.012203134,人,0.016873155,兄弟,0.019409714
前,0.011845415,みる,0.01671862,家,0.019396895
最低,0.011778703,俺,0.016675308,歌,0.019376818
本当,0.011614737,揺れる,0.016201207,世界,0.019376464
目,0.01159856,られる,0.01604933,南,0.019254706
明日,0.011546227,たち,0.015823383,思い出す,0.018940048
俺,0.011464204,知る,0.015786769,時間,0.018866841
遠い,0.011378742,もの,0.015694018,顔,0.018765622
見つける,0.011173872,探す,0.015685621,側,0.018642695
果て,0.011162225,ロックンロール,0.015600853,星,0.018542373
泣く,0.011135952,光,0.015570328,ため,0.018469192
星,0.011125508,星,0.015474218,目,0.018316341
踊る,0.011097819,好き,0.015471892,もの,0.018047579
探す,0.011047152,見る,0.015444319,見る,0.017744226
今日,0.011020288,泣く,0.015280927,光,0.017719814
光,0.010957227,出る,0.015233999,知る,0.017710136
忘れる,0.010938436,なれる,0.015182702,られる,0.017497289
いつか,0.010729275,純血,0.015163106,好き,0.017456002
みんな,0.010719211,顔,0.015115392,泣く,0.017440236
ロックンロール,0.010718421,見つける,0.015110953,とき,0.017438781
過ぎる,0.010652133,目,0.015064825,探す,0.017365054
せる,0.01062983,時間,0.014873053,たち,0.017337119
揺れる,0.010534066,今日,0.014803622,なれる,0.017110889
時間,0.010498112,とき,0.014723169,パーティー,0.017085044
life,0.0103612,明日,0.014623754,夜,0.017047727
said,0.010324456,みんな,0.014614691,せる,0.017003304
スーパースター,0.010295584,本当,0.01438479,消える,0.016716104
スーパーマン,0.010295584,情熱,0.014360124,見つける,0.016714028
1,0.010272711,ある,0.014237717,明日,0.016598474
とき,0.01024171,音,0.014200449,みんな,0.016403001
ゴールデン,0.010228164,家,0.0141006,昨日,0.016326396
ハンマー,0.010228164,着る,0.014030176,出る,0.016210062
つく,0.010193334,ため,0.013990854,今日,0.016042101
知る,0.010123376,オレンジ,0.013947011,声,0.015760618
好き,0.01009567,過ぎる,0.013799639,過ぎる,0.015716433
sunset,0.009981017,声,0.013747445,名前,0.01570509
sunrise,0.009981017,名前,0.013683657,ある,0.015561823
みる,0.009938164,つく,0.013606101,わけ,0.015425722
声,0.009881469,やる,0.013589375,くる,0.015414174
情熱,0.009859216,life,0.013515861,やる,0.015381521
ため,0.009823389,東,0.0134733,本当,0.01517548
頃,0.00981832,消える,0.013427021,オレンジ,0.015110409
分,0.009767638,せる,0.013394518,つく,0.015076379
南,0.009757527,分,0.013260639,歩く,0.015019069
走る,0.009730458,側,0.013013993,情熱,0.014989098
たち,0.009662671,それ,0.012993532,花,0.014835644
オレンジ,0.009624955,歩く,0.012914904,友達,0.014727377
ある,0.009596185,花,0.012898806,それ,0.014574433
家,0.009595455,city,0.012746458,死ぬ,0.014523171
東,0.009584294,果て,0.012669359,シンガー,0.014463277
3,0.009485289,くる,0.012597794,夏,0.014359232
なれる,0.009422361,夏,0.012570737,連れる,0.014040746
名前,0.009421393,友達,0.012448401,走る,0.013990206
できる,0.009412962,走る,0.012347091,頃,0.013952234
ハッピーエンド,0.009409963,パーティー,0.012247531,みたい,0.013774677
時,0.00918025,夜,0.012205133,メロディー,0.013380413
それ,0.009134082,時,0.012126114,あの日,0.013306341
気持ち,0.009133097,シンガー,0.012123295,波,0.013300949
鳴らす,0.009109762,1,0.011931841,来る,0.013295561
投げる,0.008989742,昨日,0.011860634,一人,0.013265455
顔,0.008963488,頃,0.011834748,欲しい,0.013258701
もの,0.008944116,連れる,0.011814182,日々,0.013184218
友達,0.008926316,わけ,0.01171265,鳴らす,0.013167489
一,0.008902753,投げる,0.011660849,生まれる,0.013151435
音,0.008875884,死ぬ,0.011596939,舞う,0.013138063
夏,0.008840303,波,0.011502279,できる,0.013044417
メロディー,0.008774219,メロディー,0.011448249,瞳,0.012958132
カウボーイ,0.00875052,度,0.011360602,時,0.012904115
輝き,0.008650678,見える,0.011354794,誰か,0.012677188
city,0.008647284,できる,0.011352328,騒ぐ,0.012595203
心配,0.008601691,あの日,0.011318592,許す,0.01256041
モーニング,0.008571,お前,0.011251825,お前,0.012490752
グッド,0.008571,何度,0.01107865,考える,0.012462575
リズム,0.0085474,かける,0.011031304,飛ぶ,0.012431227
ララララララララ,0.008544797,向こう,0.011012449,汚い,0.012370605
消える,0.008493748,鳴らす,0.010983322,度,0.01235738
聴く,0.008369168,心配,0.010963162,向こう,0.012338034
あの日,0.008329023,気持ち,0.01093091,眺める,0.012288258
やつ,0.008324134,蹴る,0.010897971,the,0.012286493
hands,0.00829108,舞う,0.010836752,見える,0.012284108
your,0.00829108,the,0.010831621,憧れる,0.012233869
sawasdeeclap,0.00829108,誰か,0.010812372,猫,0.012217545
やる,0.008254421,一人,0.010809729,まま,0.012205167
くる,0.008205118,まま,0.01075392,気持ち,0.011978315
まま,0.008179995,欲しい,0.010709979,かける,0.011936411
夜,0.008168063,みたい,0.010685604,海,0.011800905
night,0.00800837,全部,0.010657559,何度,0.01179959
夢,0.007966238,来る,0.010632704,手,0.011783329
宇宙,0.007954859,暮らす,0.010603731,いつ,0.011774313
lights,0.007948474,眺める,0.010479077,すごい,0.011631847
誰か,0.007937273,やつ,0.010403841,呼ぶ,0.01163065
昨日,0.007936118,いつ,0.010390971,寂しい,0.011587901
一人,0.00791321,憧れる,0.010347597,呟く,0.011566292
me,0.007903998,輝き,0.010320876,リズム,0.011434918
波,0.007883817,すごい,0.010310032,綺麗,0.011262318
oh,0.007852468,手,0.010137582,ダンス,0.011200727
何度,0.007844498,生まれる,0.010103315,暮らす,0.011172774
パーティー,0.007810988,聴く,0.010054813,く,0.011129414
猫,0.007741918,騒ぐ,0.010020839,待つ,0.011113495
わからん,0.007729161,リズム,0.010010164,照らす,0.011105523
みたい,0.007727,ダンス,0.009895404,行ける,0.011060651
かける,0.00770922,猫,0.009830313,聴く,0.011037993
着る,0.007695758,飛ぶ,0.00981008,叫ぶ,0.011004829
すごい,0.007640881,夢,0.009784563,夢,0.010978582
眺める,0.007603326,夢見る,0.009741107,色,0.010869193
the,0.007560985,許す,0.009695078,帰る,0.010866591
お前,0.007530616,二人,0.009693828,通り,0.010648151
kiss,0.007492786,音楽,0.009636424,耳,0.010626135
トレイン,0.007458156,ララララララララ,0.009636064,気,0.010496348
連れる,0.007389685,通り,0.009524699,夢見る,0.010479735
組む,0.007358546,あのこ,0.009510003,続く,0.010450807
いつ,0.007327852,下,0.009472233,部屋,0.01044271
こい,0.007323034,色,0.009394799,ライト,0.010360346
飛ぶ,0.007267139,気,0.009394736,ギター,0.010352016
呼ぶ,0.007228661,耳,0.009388239,嘘,0.010328017
シスター,0.007223986,日々,0.009357734,音楽,0.010176458
朝,0.007212841,汚い,0.009327241,穏やか,0.010163493
全部,0.00717436,風と共に,0.009296148,流れる,0.010119971
love,0.007082176,毎日,0.009284987,二人,0.010026924
手,0.007081609,嘘,0.009274205,雨,0.01002326
ダンス,0.007067546,続く,0.009229723,雲,0.010015855
生まれる,0.007050751,肌,0.009216553,ララララララララ,0.00996193
音楽,0.007029521,青い,0.009199984,朝,0.009957825
夢見る,0.007022802,海,0.009193069,立ち止まる,0.009939942
蹴る,0.00700859,帰る,0.009182916,人身事故,0.009934567
来る,0.006957555,ライト,0.009181627,青い,0.00979197
青い,0.006912582,こい,0.009174267,教える,0.009759035
花,0.006901535,呼ぶ,0.009158522,捨てる,0.009738267
欲しい,0.006859122,宇宙,0.009086548,作る,0.009737696
風と共に,0.006847366,部屋,0.008970303,想う,0.009635151
部屋,0.006833606,雨,0.008957913,争い,0.009618984
嘘,0.00679481,朝,0.008880947,信じる,0.009523309
痛む,0.006746004,穏やか,0.008867421,昔,0.009483583
わけ,0.006739863,こっち,0.008864891,青い空,0.009463687
party,0.006731265,ギター,0.008820081,終わる,0.009452144
抱く,0.006727409,青い空,0.008817435,抱く,0.00943501
向こう,0.006719685,争い,0.008795866,触れる,0.009334861
気,0.006719363,考える,0.008775697,今夜,0.009257029
歩く,0.00671206,捨てる,0.008728997,足,0.009201412
ギター,0.006705953,綺麗,0.008675108,目指す,0.009128196
通り,0.006682897,神様,0.008671394,ほしい,0.00910051
シンガー,0.006670725,照らす,0.008635173,聞く,0.009085228
帰る,0.006670037,人身事故,0.008594839,神様,0.009066032
綺麗,0.006609932,瞳,0.008581434,つける,0.008939037
騒ぐ,0.006602289,叫ぶ,0.008528664,体,0.008839286
everything,0.006568297,流れる,0.00851937,息,0.008804329
こっち,0.006519738,待つ,0.008515795,見上げる,0.008767931
続く,0.006512277,行ける,0.008444332,笑顔,0.008711223
3分間,0.006491467,息,0.008388317,微笑む,0.008700943
憧れる,0.006475688,抱く,0.008388231,影,0.008645924
日々,0.006470518,雲,0.008381339,言える,0.008590502
ダイヤモンド,0.006431549,ほしい,0.008338967,肩,0.008570389
ネバーランド,0.006425826,聞く,0.008270369,場所,0.008496123
見える,0.006385746,昔,0.008266873,優しい,0.008493439
死ぬ,0.006380707,教える,0.008256349,後,0.008428118
考える,0.006352504,思い出せる,0.008162519,嫌,0.008420975
肩,0.006331014,立ち止まる,0.008107573,返す,0.00832299
叫ぶ,0.006314118,笑顔,0.008040573,素敵,0.008312181
雨,0.006288082,終わる,0.00797815,乗り込む,0.008265234
biutifulビューティフル,0.006262817,弱い,0.007953477,懐かしい,0.008241497
懐かしい,0.00624722,く,0.007899616,いつまでも,0.00819401
run,0.006214863,呟く,0.007883239,おもちゃ,0.008168094
人身事故,0.006204987,微笑む,0.007874018,輝く,0.008102569
想う,0.006202594,見上げる,0.007857264,言葉,0.008078046
流れる,0.006199444,返す,0.007819207,すべて,0.008076982
毎日,0.00614322,いつまでも,0.007751798,フロアー,0.008056727
聞く,0.00614108,寂しい,0.007733841,どこか,0.00800597
グロリアス,0.006113322,懐かしい,0.007731957,辿る,0.00800228
田舎道,0.006113322,in,0.00770502,諦める,0.00789849
軽トラック,0.006113322,乗り込む,0.007629091,大人,0.007878825
神様,0.006097295,みつめる,0.007602596,美しい,0.007718829
弱い,0.006037143,触れる,0.007576402,降る,0.007600885
ほしい,0.006035162,言える,0.007554547,うつむく,0.007540745
guitar,0.006020938,ここ,0.007536395,いたむ,0.007534794
my,0.006020938,想う,0.007501052,たつ,0.00751915
アンプ,0.005973455,諦める,0.00749165,潜める,0.007506696
in,0.005972218,足,0.007460525,響く,0.007485548
瞳,0.005969637,目指す,0.007447784,大好き,0.007364847
捨てる,0.00595134,言葉,0.007420494,囲む,0.007332439
暮らす,0.00591969,僕達,0.00738653,鳥,0.007319325
行ける,0.00591954,信じる,0.00734663,コーラ,0.007315822
papa,0.005899689,今夜,0.007334418,悲しい,0.00729953
舞う,0.005874323,肩,0.007316833,指,0.007239573
耳,0.005830546,つける,0.007294899,疲れる,0.007225494
照らす,0.005825008,熱,0.007262047,力,0.007219302
やむ,0.005823571,白人,0.00725889,電車,0.007216706
檻,0.005814195,盗む,0.00722271,今,0.007196718
輝く,0.005685934,輝く,0.007206263,少年,0.007191511
許す,0.005678407,美しい,0.007201959,行幸,0.007175948
立ち止まる,0.005619194,嫌,0.007188364,永遠,0.007171446
待つ,0.005616883,体,0.007186289,国,0.007117164
帰れる,0.005595755,潜める,0.007144088,続ける,0.007068027
海,0.00558107,影,0.007118234,乗せる,0.007040488
二人,0.00557962,うたう,0.007083693,覚える,0.007011341
いない,0.005573135,辿る,0.007046689,きり,0.006993663
世の中,0.005573135,優しい,0.006970185,公園,0.006973512
触れる,0.005567172,君の声,0.006905984,いける,0.006952715
ライト,0.005556837,夜明け,0.006894887,最後,0.006811717
下,0.005538396,ファンファーレ,0.006894887,交わす,0.006808339
雲,0.005529993,baby,0.006890481,追いかける,0.006721088
純血,0.005527154,降る,0.006883378,買う,0.006688997
諦める,0.005478815,止む,0.00685833,繰り返す,0.006629608
クルージング,0.005477004,場所,0.006774661,砂,0.006620447
3セット,0.005477004,赤い,0.006772322,約束,0.006505363
見上げる,0.005433944,アルバム,0.006672222,夕焼け,0.006494678
肌,0.005423295,おもちゃ,0.006650387,人間,0.006491865
熱,0.005377126,囲む,0.006648839,変わる,0.006208385
青い空,0.005297059,大人,0.006639001,上,0.006187353
昔,0.005295683,疲れる,0.006628053,乗る,0.006028237
ひこうき雲,0.005275115,正しい,0.006611057,伸ばす,0.006019299
藍色,0.005275115,悲しい,0.006608685,悲しみ,0.006005727
汚い,0.005267852,今,0.006576167,豚,0.006003475
度,0.005227662,響く,0.006563289,ケース,0.005975638
白い,0.005213248,フロアー,0.006397573,海岸,0.005869369
赤毛,0.005213248,遊ぶ,0.006380502,生きる,0.005863678
遊ぶ,0.00519966,すべて,0.006278598,想い,0.005757785
無い,0.00517519,少年,0.0062708,バス,0.005560993
色,0.005174568,国,0.006257741,眠る,0.00551111
おもちゃ,0.005160426,続ける,0.0062403,せい,0.00547957
i,0.005154577,大好き,0.006239342,いう,0.005439592
you,0.005154577,指,0.006212191,路上,0.005411811
微笑む,0.005150494,熱狂,0.006200923,涙,0.005402747
今夜,0.005142219,ミュージック,0.006188904,テレビ,0.005368789
ナイト,0.005095721,力,0.006161601,夕暮れ,0.005229258
おいで,0.005095721,覚える,0.006138531,はしゃぐ,0.004970788
レコード,0.005095721,先,0.006115532,道,0.004896769
クラブ,0.005095721,出し手,0.006099524,闇,0.004718212
匹,0.005094435,嘘つき,0.00609357,窓,0.00451978
旅人,0.005070495,約束,0.006022553,なに,0.004422347
ちっぽけ,0.005070495,どこか,0.005960791,頭,0.004251157
彷徨,0.005070495,砂,0.005894947,憂鬱,0.004074907
もん,0.005070495,公園,0.005886522,,
響く,0.005067476,作る,0.005878135,,
速さ,0.005029469,行幸,0.005866886,,
ラララララララ,0.005029469,追いかける,0.005841063,,
先,0.00502665,変わる,0.005835819,,
辿る,0.005000277,しない,0.005821147,,
大丈夫,0.004995191,交わす,0.005819497,,
大人,0.004990674,最後,0.005806382,,
信じる,0.004973721,ベース,0.005784353,,
続ける,0.004970358,鳥,0.005773904,,
穏やか,0.004965482,初恋,0.005773525,,
今,0.004965338,壊す,0.005752114,,
いつまでも,0.004964668,回,0.005744587,,
バグダッド,0.004948625,よい,0.005714782,,
カウント,0.004948625,押す,0.005684709,,
ボディー,0.004948625,きり,0.005644176,,
笑顔,0.00494181,まくる,0.005546202,,
嫌,0.004933808,コーラ,0.005494451,,
シティー,0.004914541,百,0.005492668,,
終わる,0.004909322,夕焼け,0.00544482,,
君の声,0.004886117,スクランブル,0.005433458,,
みつめる,0.004872483,最期,0.005359357,,
疲れる,0.004867078,素敵,0.005358658,,
く,0.004866524,豚,0.005308278,,
ら,0.00486537,上,0.005289495,,
その時がきた,0.00486537,この街,0.005276749,,
6,0.004856604,閉じる,0.005275215,,
白人,0.004850901,distortion,0.005259362,,
約束,0.004810521,次,0.005220975,,
都会,0.004796361,すませる,0.005198159,,
step,0.004770143,いける,0.00519613,,
follow,0.004770143,ケース,0.005172071,,
力,0.004767386,sweet,0.005095713,,
ディークラップュアハンズトランジットインタイランド,0.004755378,繰り返す,0.005085576,,
サワ,0.004755378,週末,0.005078978,,
猿,0.004755378,眠る,0.005064866,,
膨らむ,0.004698847,いたむ,0.005053447,,
妄想,0.004698847,美女,0.005046779,,
うたう,0.004660581,うつむく,0.00502881,,
囲む,0.004639314,悲しみ,0.005015002,,
クレイジークレーマー,0.004637497,バス,0.005007753,,
最期,0.004636176,後,0.004972178,,
呟く,0.004623742,満たす,0.004966012,,
weapons,0.004613172,たつ,0.004951536,,
destruction,0.004613172,せい,0.00494766,,
mass,0.004613172,人間,0.004919879,,
of,0.004613172,いう,0.004907179,,
側,0.004580037,夕暮れ,0.004897337,,
もえる,0.004576175,大体,0.004896703,,
さめる,0.004576175,女,0.004896703,,
世界中,0.004575815,海岸,0.004895383,,
少年,0.004572199,すぎる,0.004893799,,
場所,0.004566766,ほう,0.004870077,,
目指す,0.00456517,涙,0.004810205,,
寂しい,0.004558683,ふる,0.004808226,,
美しい,0.004556351,わかる,0.004804144,,
思い出せる,0.004554584,買う,0.00480221,,
足,0.004548849,教会,0.004791334,,
赤い,0.004542005,おくれる,0.004768697,,
息,0.004505403,乗る,0.004759328,,
公園,0.004463323,にも,0.004745718,,
きり,0.004455472,伸ばす,0.004743428,,
悲しみ,0.004451075,今日も明日も,0.004711752,,
どこか,0.004435556,明後日,0.004711752,,
あなた,0.004435427,道,0.004667363,,
大陸,0.004424767,ぼんやり,0.004660564,,
覚える,0.004389027,あう,0.004656345,,
ベース,0.004386204,染まる,0.004623198,,
喜びの歌,0.00437526,群れる,0.004610215,,
指,0.004363778,はしゃぐ,0.004606308,,
国,0.004339536,迷い込む,0.004591498,,
正しい,0.004319801,坂道,0.004591498,,
降る,0.004304077,かく,0.004582992,,
立ち去る,0.004283884,テレビ,0.004571568,,
無表情,0.004283884,きく,0.004548994,,
砂,0.004275118,変,0.004542585,,
言える,0.004265681,打つ,0.004529114,,
ここ,0.004237259,鳴る,0.004501165,,
あのこ,0.004210764,あいつ,0.004496988,,
ミュージック,0.004206556,憎む,0.00448683,,
上,0.004204337,生きる,0.004483227,,
鳥,0.004175067,永遠,0.004432781,,
優しい,0.004142305,埃,0.004429241,,
ケース,0.004136908,乗せる,0.004428855,,
大好き,0.004114257,闇,0.004421679,,
たつ,0.004075989,長い,0.004419856,,
すべて,0.004060741,唇,0.004392386,,
交わす,0.004057999,自分,0.004376254,,
体,0.004046036,向く,0.004370654,,
しない,0.004033552,形,0.004358131,,
すぎる,0.003990936,姿,0.004334565,,
おくれる,0.003989133,恋しい,0.004329746,,
とばす,0.003982303,街角,0.004329641,,
アンディ,0.003982303,暗い,0.004327861,,
超新星,0.003974237,横顔,0.00432478,,
スクランブル,0.003968698,だめ,0.00432478,,
いける,0.003957693,ゆく,0.004314935,,
毛根,0.003956336,すむ,0.004290029,,
道,0.003949864,舟,0.004281766,,
コーラ,0.003947797,しれる,0.004269514,,
最高,0.003926234,くだらない,0.004259669,,
鳴る,0.00392446,5分,0.004244554,,
乗り込む,0.003920168,犬,0.00421977,,
繰り返す,0.003905706,帰り道,0.004218745,,
スパイラル,0.003881393,流行る,0.004204801,,
ベイベー,0.003881393,出会う,0.004194801,,
返す,0.003878101,真っ赤,0.004167434,,
抜く,0.003874531,沈む,0.004158011,,
テンション,0.003874531,進む,0.004127043,,
つける,0.00384859,魚,0.00412672,,
夕焼け,0.003847581,気づく,0.004096646,,
僕達,0.00384074,吸い込む,0.004071931,,
次,0.003825843,引きずる,0.00407066,,
回,0.003804171,やれる,0.004058416,,
熱狂,0.003802485,なに,0.004042013,,
伸ばす,0.003792728,死ねる,0.004041792,,
優しい風,0.003784675,アパート,0.003990028,,
夜明け,0.003776256,路上,0.00398258,,
ファンファーレ,0.003776256,髪,0.003973281,,
言葉,0.003744467,銀河,0.003959691,,
メートル,0.003744012,ずっとずっと,0.003958148,,
隣,0.003744012,弱音,0.003952114,,
マン,0.003744012,想い,0.003937292,,
3,0.003744012,錆びる,0.003936221,,
夢の続き,0.003744012,止める,0.003913001,,
ステップ,0.003744012,流す,0.003909489,,
真似る,0.003744012,揺る,0.003909489,,
baby,0.003735934,頭,0.003869484,,
行幸,0.003726468,風に吹かれて,0.003859683,,
サイレン,0.003723413,裸,0.003858438,,
6時,0.003723413,惨め,0.00382592,,
追い掛ける,0.003723413,鎖,0.003773379,,
1984,0.003723413,そば,0.00376674,,
一番星,0.003723413,捧げる,0.003761284,,
ファンファーレと熱狂,0.003723413,駅,0.003714014,,
5時,0.003723413,下らない,0.003702023,,
bless,0.003711469,取り残す,0.003695412,,
国歌,0.003711469,電車,0.003689658,,
america,0.003711469,素直,0.003678076,,
ソウル,0.003711469,抱える,0.003668416,,
ラブリーブラザー,0.003711469,気分,0.003658429,,
god,0.003711469,疑う,0.003617144,,
包む,0.003711469,窓,0.003611061,,
乗る,0.003696677,歩ける,0.003605629,,
すむ,0.003690738,燃える,0.003603257,,
恋はあせらず,0.003687306,はず,0.003602879,,
混血,0.003687306,真ん中,0.003566125,,
dylaladylamama,0.003687306,吐き気,0.003534018,,
dylaladyla,0.003687306,地図,0.003520127,,
壊す,0.003685415,方,0.003482842,,
紡ぐ,0.003684405,確か,0.003470273,,
海岸,0.003670245,醜い,0.003456519,,
一寸,0.003668868,映る,0.003446442,,
教える,0.003659074,鏡,0.003446442,,
サンセットクルージング,0.003651336,うまい,0.003401626,,
服,0.003651336,外,0.003391346,,
話題,0.003651336,違う,0.003366233,,
異常,0.003651336,憂鬱,0.003354282,,
きたす,0.003651336,振り返る,0.003353633,,
精神,0.003651336,忍び込む,0.003345827,,
フロアー,0.003628088,少女,0.003325155,,
悲しい,0.003614781,ひたむき,0.003312447,,
涙,0.003589741,嵐,0.003312447,,
相手,0.003585497,離れ離れ,0.003267196,,
馬鹿,0.003585497,年,0.003237715,,
週末,0.003567714,晴れ,0.003195774,,
最後,0.003558616,ばれる,0.003185386,,
はしゃぐ,0.003536763,虹色,0.003111194,,
追いかける,0.003535605,眠れる,0.003108813,,
潜める,0.003530618,怒り,0.003090807,,
ゆく,0.003522506,素晴らしい,0.003084285,,
わかる,0.003511745,人生,0.003072678,,
百,0.003511516,哀れ,0.0030723,,
舟,0.003508759,天使,0.003049562,,
閉じる,0.003504827,枯らす,0.00304179,,
いう,0.003487571,切る,0.003015871,,
変わる,0.003481144,迷い,0.00301184,,
クリーニング,0.003475499,でる,0.002965212,,
盗む,0.003463208,漂う,0.002948388,,
横顔,0.003453411,広告,0.002941056,,
だめ,0.003453411,書く,0.002919536,,
distortion,0.003451167,吹く,0.002912932,,
アルバム,0.003451075,ガラス,0.002900668,,
後,0.003451072,ふり,0.00289028,,
明後日,0.003444493,平和,0.002871768,,
今日も明日も,0.003444493,腹,0.002865105,,
買う,0.003443285,偉い,0.002838497,,
止む,0.003438434,君と僕,0.002811247,,
ふる,0.003427879,握りしめる,0.002766989,,
乗せる,0.003412975,掴む,0.002740243,,
ほう,0.003393284,無邪気,0.002737825,,
いたむ,0.003387279,さっき,0.002729855,,
闇,0.003386539,登る,0.002728089,,
溜息,0.00338033,笑い,0.002685871,,
ネオン,0.00338033,合わせる,0.002682515,,
フラフラフラ,0.00338033,運ぶ,0.002665461,,
坂,0.00338033,暖かい,0.002642127,,
渋谷,0.003373002,祈り,0.002600981,,
遅れる,0.003373002,空の下で,0.002442546,,
夏草,0.003373002,コイ,0.002407828,,
巡る,0.003373002,ハト,0.002407828,,
killmebaby,0.003373002,困る,0.002342153,,
夕立,0.003373002,届く,0.002326928,,
争い,0.00335439,好きさ,0.002283825,,
始まり,0.003352979,浮かぶ,0.002265826,,
わり,0.003352979,繰り返し,0.002165247,,
自分,0.003348446,電話,0.002109483,,
瞬間,0.003346934,鼓動,0.002101091,,
長い,0.003340162,出会える,0.002001737,,
押す,0.00333513,太い,0.00172705,,
easy,0.003322397,,,,
take,0.003322397,,,,
安い,0.003322397,,,,
it,0.003322397,,,,
きれいな空,0.003322397,,,,
無駄,0.003322397,,,,
丸,0.003322397,,,,
ウィスキーウィスキーウィスキー,0.003322397,,,,
素敵,0.003306289,,,,
生きる,0.003304478,,,,
ブルース,0.003288699,,,,
出会う,0.003284484,,,,
変,0.003281089,,,,
永遠,0.003248041,,,,
ユートピア,0.003245733,,,,
ファンタジー,0.003245733,,,,
明日に向かって,0.00324358,,,,
それぞれ,0.00324358,,,,
駅,0.00323568,,,,
教会,0.003220854,,,,
ごめんね,0.003215775,,,,
夕暮れ,0.003204425,,,,
出し手,0.003195484,,,,
染まる,0.003186598,,,,
弱音,0.003185838,,,,
下らない,0.003142757,,,,
確か,0.00314266,,,,
うた,0.003136654,,,,
もらう,0.003136654,,,,
打つ,0.003135964,,,,
通わす,0.003131409,,,,
純白,0.003131409,,,,
ヤマトナデシコ,0.003131409,,,,
ラブソング,0.003131409,,,,
頬,0.003131409,,,,
街角,0.003115644,,,,
暗い,0.00311546,,,,
眠る,0.003095307,,,,
すませる,0.003093387,,,,
一番,0.003091665,,,,
病名,0.003091665,,,,
唇,0.003064485,,,,
よい,0.003064303,,,,
ケアンズ,0.003056661,,,,
ベニス,0.003056661,,,,
スイカ,0.003056661,,,,
ひとつ,0.003050784,,,,
気づく,0.003033044,,,,
ぼんやり,0.003030687,,,,
路上,0.003024061,,,,
くだらない,0.003018257,,,,
にも,0.003016981,,,,
せい,0.003013065,,,,
lovely,0.003003139,,,,
きく,0.003002292,,,,
恋しい,0.002999449,,,,
やれる,0.002997754,,,,
影,0.002992993,,,,
窓,0.002990944,,,,
銀河,0.002988443,,,,
あいつ,0.002985638,,,,
撫でる,0.002983263,,,,
アナウンス,0.002983263,,,,
乾く,0.002983263,,,,
会える,0.002983263,,,,
優しい時間,0.002983263,,,,
在る,0.002956951,,,,
儚い,0.002956951,,,,
しれる,0.002949162,,,,
抱える,0.002940229,,,,
坂道,0.002939782,,,,
迷い込む,0.002939782,,,,
錆びる,0.002930109,,,,
群れる,0.0028876,,,,
真っ赤,0.002867987,,,,
嘘つき,0.002846942,,,,
ずっとずっと,0.002840058,,,,
うつむく,0.002828336,,,,
電車,0.002817231,,,,
年,0.002815126,,,,
テレビ,0.002783638,,,,
初恋,0.002775553,,,,
満たす,0.002758148,,,,
豚,0.0027558,,,,
疑う,0.002739349,,,,
バス,0.002733144,,,,
燃える,0.002718111,,,,
流行る,0.002712076,,,,
楽園,0.002692506,,,,
10年,0.002692506,,,,
流す,0.002689651,,,,
揺る,0.002689651,,,,
怒り,0.002681972,,,,
想い,0.0026817,,,,
そば,0.002670435,,,,
風に吹かれて,0.002652378,,,,
作る,0.002644313,,,,
透ける,0.002637557,,,,
気分,0.002631874,,,,
埃,0.002616886,,,,
姿,0.002610755,,,,
向く,0.00260805,,,,
帰り道,0.002607993,,,,
ひたむき,0.002606048,,,,
嵐,0.002606048,,,,
この街,0.002600441,,,,
裸,0.002595105,,,,
回る,0.002587595,,,,
チャンス,0.002587595,,,,
落ちる,0.002587595,,,,
虹色,0.002585544,,,,
真ん中,0.002581424,,,,
かく,0.002572038,,,,
魚,0.002567491,,,,
止める,0.002562837,,,,
大体,0.00256235,,,,
女,0.00256235,,,,
忍び込む,0.00255786,,,,
踊ろうよ,0.00254786,,,,
トニック,0.00254786,,,,
ジン,0.00254786,,,,
はず,0.002542732,,,,
素晴らしい,0.002538246,,,,
頭,0.002537702,,,,
なに,0.002534146,,,,
あの夏の日,0.002523117,,,,
うまい,0.002522229,,,,
さま,0.002497595,,,,
問題,0.002497595,,,,
落つ,0.002497595,,,,
ベンガルトラ,0.002491798,,,,
sweet,0.002489936,,,,
人生,0.002489921,,,,
迷い,0.002488011,,,,
吸い込む,0.002480151,,,,
国旗,0.002474313,,,,
人間,0.002470163,,,,
憂鬱,0.002467759,,,,
憂い,0.00245627,,,,
完全,0.00245627,,,,
馴れ合う,0.00245627,,,,
無邪気,0.002455288,,,,
取り残す,0.002445999,,,,
まくる,0.002444703,,,,
書く,0.00243756,,,,
形,0.002425808,,,,
振り返る,0.002391938,,,,
殺す,0.002390331,,,,
意味,0.002390331,,,,
逃げる,0.002385072,,,,
破裂,0.002385072,,,,
カータースタイル,0.002385072,,,,
are,0.002385072,,,,
午前5時,0.002385072,,,,
we,0.002385072,,,,
貫,0.002385072,,,,
world,0.002385072,,,,
産,0.002385072,,,,
フラットピッキング,0.002385072,,,,
デブ,0.002385072,,,,
カリフォルニアドリーミングキープオンザサニーサイド,0.002385072,,,,
うい,0.002385072,,,,
きめる,0.002385072,,,,
かくれんぼ,0.002385072,,,,
サプリメント,0.002385072,,,,
有色人種,0.002385072,,,,
地平,0.002385072,,,,
by,0.002385072,,,,
ケララ,0.002385072,,,,
部屋においでよ,0.002385072,,,,
マシンガン,0.002385072,,,,
india,0.002385072,,,,
よそ,0.002385072,,,,
吐き気,0.002384608,,,,
素直,0.002384064,,,,
くらげ,0.002377689,,,,
じいさん,0.002377689,,,,
資本家,0.002377689,,,,
トランジットインタイランド,0.002377689,,,,
少年少女,0.002377689,,,,
白,0.002377689,,,,
爆発音,0.002377689,,,,
ビーチパーティーリタイアメント,0.002377689,,,,
ロードムービー,0.002377689,,,,
new,0.002377689,,,,
cnn,0.002377689,,,,
黒,0.002377689,,,,
盲目,0.002377689,,,,
brand,0.002377689,,,,
ゲーム,0.002377689,,,,
黄色,0.002377689,,,,
水平線,0.002377689,,,,
置く,0.002377689,,,,
カオサン通り,0.002377689,,,,
晴れ,0.002374529,,,,
広告,0.0023526,,,,
あう,0.002344151,,,,
死ねる,0.002341509,,,,
離れ離れ,0.002335262,,,,
でる,0.002329657,,,,
哀れ,0.002314543,,,,
笑い,0.002313607,,,,
ばれる,0.002310924,,,,
降り注ぐ,0.002306586,,,,
コンクリート,0.002306586,,,,
人形,0.002306586,,,,
ジャングル,0.002306586,,,,
かい,0.002304527,,,,
あえる,0.002304527,,,,
高らか,0.002304527,,,,
唄う,0.002304527,,,,
ガラス,0.002284884,,,,
アパート,0.002280901,,,,
合わせる,0.002280325,,,,
切る,0.002262179,,,,
騙す,0.002261204,,,,
眠れる,0.002244122,,,,
刻む,0.002231289,,,,
吐く,0.002231289,,,,
届く,0.002221561,,,,
ふり,0.002221279,,,,
暖かい,0.002212608,,,,
ドリアン,0.002212383,,,,
mama,0.002212383,,,,
5分,0.002208792,,,,
地図,0.002201371,,,,
祈り,0.002189782,,,,
下手,0.00218763,,,,
後ろ,0.00218763,,,,
嫌う,0.00218763,,,,
いとこ,0.00218763,,,,
ため息,0.00218763,,,,
掴む,0.002181948,,,,
掻き回す,0.002141942,,,,
明かり,0.002141942,,,,
滲む,0.002141942,,,,
見えない敵,0.002141942,,,,
ナイフ,0.002141942,,,,
年の瀬,0.002141942,,,,
泣ける,0.002141942,,,,
望む,0.002141942,,,,
ジュークボックス,0.002141942,,,,
ご機嫌,0.002141942,,,,
yarra,0.002141942,,,,
髪,0.00214158,,,,
漂う,0.002141186,,,,
尽きる,0.002138789,,,,
悲しみは消えない,0.002138789,,,,
少女,0.002130224,,,,
偉い,0.002126618,,,,
さっき,0.002118344,,,,
登る,0.002117622,,,,
引きずる,0.002108101,,,,
枯らす,0.002098984,,,,
違う,0.002091111,,,,
憎む,0.002086995,,,,
平和,0.002081237,,,,
沈む,0.002049978,,,,
方,0.002043317,,,,
犬,0.002008658,,,,
気取る,0.002002093,,,,
spot,0.002002093,,,,
コイ,0.001992889,,,,
ハト,0.001992889,,,,
左,0.001991152,,,,
壁,0.001991152,,,,
叩く,0.001991152,,,,
小さな世界,0.001991152,,,,
血管,0.001991152,,,,
ドバイ,0.001991152,,,,
右,0.001991152,,,,
からい,0.001991152,,,,
ワット,0.001991152,,,,
これ,0.001991152,,,,
5,0.001991152,,,,
起毛,0.001991152,,,,
うなづく,0.001991152,,,,
オルドバイ,0.001991152,,,,
もう戻れない,0.001991152,,,,
さす,0.001991152,,,,
切れる,0.001991152,,,,
会,0.001991152,,,,
異人,0.001991152,,,,
ブルジョ,0.001991152,,,,
止まる,0.001991152,,,,
えな,0.001991152,,,,
はじける,0.001987119,,,,
完成,0.001987119,,,,
くせ,0.001987119,,,,
越える,0.001987119,,,,
魔女,0.001987119,,,,
あたり,0.001987119,,,,
かまう,0.001987119,,,,
わめく,0.001987119,,,,
ミサイル,0.001987119,,,,
ケンカ,0.00194119,,,,
奏でる,0.00194119,,,,
歩み板,0.00194119,,,,
苦しい,0.00194119,,,,
本気,0.00194119,,,,
破れる,0.00194119,,,,
途中,0.00194119,,,,
笑み,0.001937265,,,,
固い,0.001937265,,,,
まぎれる,0.001937265,,,,
長い夜,0.001937265,,,,
ひとすじ,0.001937265,,,,
超える,0.001937265,,,,
こもる,0.001937265,,,,
残せる,0.001937265,,,,
死に顔,0.001937265,,,,
さすらう,0.001937265,,,,
浮かぶ,0.001913124,,,,
電話,0.001874324,,,,
困る,0.001866443,,,,
繰り返し,0.001864344,,,,
自転車,0.001861706,,,,
手続き,0.001861706,,,,
戦争映画,0.001861706,,,,
すぎ,0.001861706,,,,
その後,0.001861706,,,,
急ぐ,0.001861706,,,,
roc,0.001861706,,,,
5限,0.001861706,,,,
戯け,0.001861706,,,,
椅子取りゲーム,0.001861706,,,,
他人,0.001861706,,,,
star,0.001861706,,,,
親達,0.001861706,,,,
運ぶ,0.001853205,,,,
惨め,0.001851947,,,,
鼓動,0.001829944,,,,
新宿,0.001825668,,,,
夕凪,0.001825668,,,,
買える,0.001825668,,,,
万,0.001825668,,,,
誘う,0.001825668,,,,
紅茶,0.001825668,,,,
セットリスト,0.001825668,,,,
ミルク,0.001825668,,,,
薄っぺら,0.001825668,,,,
終える,0.001825668,,,,
手際,0.001825668,,,,
リハ,0.001825668,,,,
哀れむ,0.001825668,,,,
唯物論,0.001825668,,,,
5,0.001825668,,,,
真理,0.001825668,,,,
添える,0.001825668,,,,
者,0.001825668,,,,
香り,0.001825668,,,,
たま,0.001805997,,,,
集める,0.001805997,,,,
タオル,0.001805997,,,,
ゆる,0.001805997,,,,
駄本,0.001805997,,,,
賛美,0.001805997,,,,
はさむ,0.001805997,,,,
揃い,0.001805997,,,,
あれ,0.001805997,,,,
アメリカザリガニ,0.001805997,,,,
ラララララ,0.001805997,,,,
宝探し,0.001805997,,,,
あそぶ,0.001805997,,,,
ポリネシア,0.001805997,,,,
カブトムシ,0.001805997,,,,
宇宙船,0.001805997,,,,
機械,0.001805997,,,,
ブラックバス,0.001805997,,,,
汗,0.001805997,,,,
二の腕,0.001805997,,,,
労働,0.001805997,,,,
スコール,0.001805997,,,,
跳ねる,0.001805997,,,,
法則,0.001805997,,,,
逃がす,0.001805997,,,,
転がす,0.001805997,,,,
あと,0.001805997,,,,
醜い,0.001771324,,,,
進む,0.001766358,,,,
チップス,0.001737749,,,,
パンプキンパイ,0.001737749,,,,
フィッシュ,0.001737749,,,,
たくさん,0.001737749,,,,
チキン,0.001737749,,,,
りす,0.001737749,,,,
学校,0.001737749,,,,
会社,0.001737749,,,,
やく,0.001737749,,,,
ローラーコースター,0.001737749,,,,
チョコレートケーキ,0.001737749,,,,
ハロウィン,0.001737749,,,,
食べる,0.001737749,,,,
あひる,0.001737749,,,,
毎週,0.001737749,,,,
amus,0.001737749,,,,
メリーゴーランド,0.001737749,,,,
ブーツ,0.001737749,,,,
ビートルズ,0.001737749,,,,
庭,0.001737749,,,,
でかい,0.001737749,,,,
くま,0.001737749,,,,
末,0.001737749,,,,
キャデラック,0.001737749,,,,
ねずみ,0.001737749,,,,
いぬ,0.001737749,,,,
出会える,0.00173241,,,,
鎖,0.001719905,,,,
映る,0.001697139,,,,
鏡,0.001697139,,,,
ユラユラユラコピーペースト,0.001690165,,,,
扉を開けて,0.001690165,,,,
朝日,0.001690165,,,,
携帯,0.001690165,,,,
うつる,0.001690165,,,,
風邪,0.001690165,,,,
患者,0.00167649,,,,
何処,0.00167649,,,,
禁断症状,0.00167649,,,,
牛乳,0.00167649,,,,
味気,0.00167649,,,,
ベッド,0.00167649,,,,
身,0.00167649,,,,
感じ,0.00167649,,,,
話,0.00167649,,,,
ふたり,0.00167649,,,,
滅ぼす,0.00167649,,,,
感傷中毒,0.00167649,,,,
映画館,0.00167649,,,,
tv,0.00167649,,,,
ささやきあう,0.00167649,,,,
新譜,0.00167649,,,,
消す,0.00167649,,,,
世界の終わり,0.00167649,,,,
センチメンタル,0.00167649,,,,
ゃできるさどうしようもないこのからだ,0.00167649,,,,
歩ける,0.001671881,,,,
オイラ,0.001661199,,,,
おどける,0.001661199,,,,
ウロウロウロ,0.001661199,,,,
show,0.001661199,,,,
time,0.001661199,,,,
おんなじ,0.001661199,,,,
美女,0.001659469,,,,
またたく,0.001644349,,,,
ひとしずく,0.001644349,,,,
途切れる,0.001644349,,,,
後戻り,0.001644349,,,,
心無い,0.001644349,,,,
くたびれる,0.001644349,,,,
あどけない,0.001644349,,,,
沈黙,0.001644349,,,,
浴びる,0.001644349,,,,
相変わらず,0.001644349,,,,
立つ,0.001644349,,,,
恥,0.001644349,,,,
すすき,0.001644349,,,,
振る,0.001644349,,,,
めくるめく,0.001644349,,,,
渚,0.001644349,,,,
眼,0.001644349,,,,
満天の星,0.001644349,,,,
いっぱい,0.001644349,,,,
怪しい,0.001644349,,,,
我,0.001644349,,,,
舞い上がる,0.001644349,,,,
迎える,0.001644349,,,,
肌色,0.001644349,,,,
狼,0.001644349,,,,
罵声,0.001644349,,,,
恋をする,0.001644349,,,,
見下ろす,0.001644349,,,,
黒ずむ,0.001644349,,,,
始める,0.001644349,,,,
飛ばす,0.001644349,,,,
季節,0.001644349,,,,
出来事,0.001644349,,,,
寝ぼけ,0.001644349,,,,
見失う,0.001644349,,,,
高原,0.001644349,,,,
交える,0.001644349,,,,
高速,0.001644349,,,,
丘,0.001644349,,,,
黄昏,0.001644349,,,,
太陽の下,0.001644349,,,,
訪れる,0.001644349,,,,
ユーモア,0.001644349,,,,
レクイエム,0.001644349,,,,
隅,0.001642074,,,,
間違う,0.001642074,,,,
何度も,0.001642074,,,,
こだわり,0.001642074,,,,
かぶる,0.001642074,,,,
空の下で,0.001641613,,,,
世界の果てまで,0.00163818,,,,
子,0.00163818,,,,
深い意味,0.00163818,,,,
全て,0.00163818,,,,
動く,0.00163818,,,,
イカれた,0.00163818,,,,
別,0.00163818,,,,
ほんと,0.00163818,,,,
流動,0.00163818,,,,
生き方,0.00163818,,,,
トワイライトシティー,0.00163818,,,,
握りしめる,0.001633739,,,,
好きさ,0.001631776,,,,
笑える,0.00162179,,,,
切り裂く,0.00162179,,,,
悪口,0.00162179,,,,
集まる,0.00162179,,,,
ポイント,0.00162179,,,,
ゴール,0.00162179,,,,
スタジオ,0.00162179,,,,
渡る,0.00162179,,,,
うなずく,0.00162179,,,,
ハイウェイ,0.00162179,,,,
タイツ,0.00162179,,,,
タレント,0.00162179,,,,
きどる,0.00162179,,,,
レコーディング,0.00162179,,,,
改札,0.001618868,,,,
増える,0.001618868,,,,
幾,0.001618868,,,,
空っぽ,0.001618868,,,,
呑む,0.001618868,,,,
このまま,0.001618868,,,,
可愛い,0.001618868,,,,
貰う,0.001618868,,,,
入る,0.001618868,,,,
彼女たち,0.001618868,,,,
今度,0.001618868,,,,
無効,0.001618868,,,,
込める,0.001618868,,,,
会意,0.001618868,,,,
性格,0.001618868,,,,
なん,0.001618868,,,,
ビーチ,0.001607887,,,,
様,0.001607887,,,,
流れ星,0.001607887,,,,
北アルプス,0.001607887,,,,
森,0.001607887,,,,
眠れない夜,0.001607887,,,,
景色,0.001607887,,,,
パタヤ,0.001607887,,,,
通り過ぎる,0.001607887,,,,
渡り鳥,0.001607887,,,,
覚める,0.001607887,,,,
腹,0.001603079,,,,
鍵,0.001568327,,,,
空き缶,0.001568327,,,,
ほんとうに,0.001568327,,,,
井の頭公園,0.001568327,,,,
蹴飛ばす,0.001568327,,,,
ほんとう,0.001568327,,,,
こぼす,0.001568327,,,,
でどこ,0.001568327,,,,
カーブ,0.001568327,,,,
不細工,0.001568327,,,,
まわる,0.001568327,,,,
きれい,0.001568327,,,,
子猫,0.001568327,,,,
窓辺,0.001568327,,,,
川,0.001566282,,,,
手軽,0.001566282,,,,
隠れる,0.001566282,,,,
打ち明ける,0.001566282,,,,
恋,0.001566282,,,,
飛びこむ,0.001566282,,,,
悩み,0.001566282,,,,
キット,0.001566282,,,,
違い,0.001566282,,,,
毎晩,0.001566282,,,,
砂漠,0.001566282,,,,
宇宙旅行,0.001566282,,,,
10年後,0.001566282,,,,
地球,0.001566282,,,,
クローゼット,0.001566282,,,,
山,0.001566282,,,,
しよう,0.001566282,,,,
話す,0.001566282,,,,
眠り,0.001566282,,,,
彼女の部屋,0.001566282,,,,
慌てる,0.001566282,,,,
字,0.001566282,,,,
為,0.001566282,,,,
オーディオ,0.001565704,,,,
魂,0.001565704,,,,
ルーム,0.001565704,,,,
飼う,0.001565704,,,,
短い,0.001565704,,,,
walking,0.001565704,,,,
荒れる,0.001565704,,,,
閉じ込める,0.001565704,,,,
でっかい,0.001565704,,,,
セレブリティー,0.001565704,,,,
ドレス,0.001565704,,,,
馴らす,0.001565704,,,,
住める,0.001565704,,,,
キス,0.001565704,,,,
ボロボロ,0.001565704,,,,
冬,0.001557558,,,,
伸びる,0.001557558,,,,
突き抜ける,0.001557558,,,,
フルカラー,0.001557558,,,,
歩道,0.001557558,,,,
コンビニ,0.001557558,,,,
飛行機雲,0.001557558,,,,
見慣れる,0.001557558,,,,
喜び,0.001557558,,,,
モノクロ,0.001557558,,,,
まいる,0.001557558,,,,
夏の日,0.001557558,,,,
近づく,0.001557558,,,,
天使,0.001553671,,,,
調子,0.001545832,,,,
皆口,0.001545832,,,,
ひまわり,0.001545832,,,,
真実,0.001545832,,,,
ひまわり畑,0.001545832,,,,
簡単,0.001545832,,,,
咲く,0.001545832,,,,
速い,0.001545832,,,,
使い捨て,0.001545832,,,,
いじめる,0.001545832,,,,
弱虫,0.001545832,,,,
ジェットコースター,0.001545832,,,,
末路,0.001545832,,,,
能無し,0.001545832,,,,
苦手,0.001545832,,,,
揃える,0.001545832,,,,
用,0.001545832,,,,
だい,0.001545832,,,,
カイロ,0.001545832,,,,
まえる,0.001545832,,,,
楽,0.001545832,,,,
君と僕,0.001529583,,,,
選ぶ,0.001525392,,,,
木の葉,0.001525392,,,,
悪あがき,0.001525392,,,,
適当,0.001525392,,,,
テレパシー,0.001525392,,,,
寄せ手,0.001525392,,,,
clap,0.001507469,,,,
行き先,0.001507469,,,,
外,0.001495449,,,,
筑豊本線,0.001491631,,,,
がらくた,0.001491631,,,,
体温,0.001491631,,,,
最後のお願い,0.001491631,,,,
お願い,0.001491631,,,,
眠たい,0.001491631,,,,
ボーダーライン,0.001491631,,,,
所,0.001491631,,,,
遣う,0.001491631,,,,
ラジオ,0.001491631,,,,
とる,0.001491631,,,,
逃げ場,0.001491631,,,,
目配せ,0.001491631,,,,
吹く,0.00149098,,,,
じゃれる,0.001478476,,,,
父さん,0.001478476,,,,
母さん,0.001478476,,,,
怖い,0.001478476,,,,
忘れないよ,0.001478476,,,,
会いたいよ,0.001478476,,,,
恋人よ,0.001478476,,,,
友よ,0.001478476,,,,
弟よ,0.001478476,,,,
姉さん,0.001478476,,,,
cd,0.001478476,,,,
so,0.001474922,,,,
ナショナリズム,0.001474922,,,,
モンゴロイド,0.001474922,,,,
sard,0.001474922,,,,
dylaladylala,0.001474922,,,,
太い,0.001444975,,,,
大事,0.0014285,,,,
ふさぐ,0.0014285,,,,
ほどく,0.0014285,,,,
塞ぎ,0.0014285,,,,
まり,0.0014285,,,,
キャンディー,0.0014285,,,,
ドロップ,0.0014285,,,,
飛び出す,0.0014285,,,,
歴史,0.0014285,,,,
ジャイサルメール,0.0014285,,,,
隠し事,0.00142586,,,,
そのままで,0.00142586,,,,
担ぐ,0.001393284,,,,
フォークシンガー,0.001393284,,,,
愚か,0.001393284,,,,
並べる,0.001393284,,,,
破局,0.001393284,,,,
赤ちゃん,0.001393284,,,,
幸せ,0.001393284,,,,
帰宅,0.001393284,,,,
新しい,0.001393284,,,,
真面目,0.001393284,,,,
熱愛,0.001393284,,,,
カップル,0.001393284,,,,
週刊誌,0.001393284,,,,
サラリーマン,0.001393284,,,,
泣き,0.001393284,,,,
した,0.001393284,,,,
はねる,0.001381081,,,,
武器,0.001363755,,,,
魔法,0.001363755,,,,
砂の城,0.001363755,,,,
出様,0.001346253,,,,
奈多,0.001346253,,,,
maya,0.001346253,,,,
インド,0.001346253,,,,
驚く,0.001346253,,,,
マンガ,0.001346253,,,,
パラグライダー,0.001346253,,,,
連続,0.001346253,,,,
わける,0.001346253,,,,
勘違い,0.001346253,,,,
絶対,0.001346253,,,,
サフラン色,0.001346253,,,,
いつの日か,0.001346253,,,,
ランプ,0.001346253,,,,
革命,0.001330075,,,,
起こす,0.001330075,,,,
ring,0.001330075,,,,
ガラス瓶,0.001318779,,,,
考えるのをやめた,0.001318779,,,,
嬉しい,0.001318779,,,,
なっちゃった,0.001318779,,,,
突き刺さる,0.001318779,,,,
かき消す,0.001318779,,,,
触る,0.001318779,,,,
爪,0.001318779,,,,
走り出せる,0.001318779,,,,
メトロポリタンミュージアム,0.001318779,,,,
宝物,0.001318779,,,,
爆撃機,0.001318779,,,,
みんなのうた,0.001318779,,,,
覗く,0.001318779,,,,
捧げる,0.001304805,,,,
夢の中,0.001293798,,,,
灯,0.001293798,,,,
微熱,0.001293798,,,,
古傷,0.001293798,,,,
喜びも悲しみも,0.001293798,,,,
描く,0.001293798,,,,
聖者,0.001293798,,,,
いつく,0.001293798,,,,
焼ける,0.001293798,,,,
うたた寝,0.001293798,,,,
スニーカー,0.001293798,,,,
フルーツ,0.001293798,,,,
羽,0.001293798,,,,
品柄,0.001293798,,,,
ふて寝,0.001293798,,,,
暑い,0.001293798,,,,
あて,0.001293798,,,,
弧,0.001293798,,,,
決め込む,0.001293798,,,,
異国,0.001293798,,,,
仕方,0.001293798,,,,
はずむ,0.001293798,,,,
横,0.001293798,,,,
迷子,0.001293798,,,,
混ぜる,0.001293798,,,,
もどる,0.001293798,,,,
かじりつく,0.001293798,,,,
隠し持つ,0.001293798,,,,
いつだって,0.001293798,,,,
だす,0.001293798,,,,
クルクル,0.001293798,,,,
吐ける,0.00127393,,,,
めくる,0.00127393,,,,
散歩,0.00127393,,,,
週間,0.00127393,,,,
見せる,0.00127393,,,,
果てる,0.00127393,,,,
頑張る,0.00127393,,,,
プレイリスト,0.00127393,,,,
下心,0.00127393,,,,
冷蔵庫,0.00127393,,,,
つまらない,0.00127393,,,,
うなる,0.00127393,,,,
時代,0.00127393,,,,
ゴキゲン,0.00127393,,,,
二階,0.001261558,,,,
オリオン座,0.001261558,,,,
思い出,0.001261558,,,,
トンネル,0.001261558,,,,
かすむ,0.001261558,,,,
つつじ,0.001261558,,,,
匂い,0.001261558,,,,
数える,0.001261558,,,,
山びこ,0.001261558,,,,
みつばち,0.001261558,,,,
甘い,0.001261558,,,,
誰も知らない,0.001261558,,,,
梓川,0.001261558,,,,
口づけ,0.001261558,,,,
西荻南,0.001261558,,,,
ことし,0.001248798,,,,
外れる,0.001248798,,,,
ゴミ箱,0.001248798,,,,
なんとかなる,0.001248798,,,,
さと,0.001248798,,,,
自販機,0.001248798,,,,
シュート,0.001248798,,,,
ケータイデンワ,0.001248798,,,,
高い,0.001248798,,,,
ブラックホール,0.001248798,,,,
sife,0.001248798,,,,
ふいに,0.001248004,,,,
沸き上がる,0.001248004,,,,
学生,0.001248004,,,,
うねり,0.001248004,,,,
ジャンダルム,0.001248004,,,,
さすらい,0.001248004,,,,
響かせる,0.001248004,,,,
口笛,0.001248004,,,,
西荻窪,0.001248004,,,,
階段,0.001248004,,,,
会館,0.001248004,,,,
中古,0.001248004,,,,
緑色,0.001237156,,,,
サガルマータ,0.001237156,,,,
風俗,0.001237156,,,,
シェルパ,0.001237156,,,,
渋谷道玄坂,0.001237156,,,,
中国,0.001237156,,,,
扉,0.001237156,,,,
背中,0.001237156,,,,
旗,0.001237156,,,,
アントン,0.001228135,,,,
さくら,0.001228135,,,,
清ら,0.001228135,,,,
並木道,0.001228135,,,,
光る,0.001228135,,,,
ジョアンナ,0.001228135,,,,
びわ,0.001228135,,,,
散歩道,0.001228135,,,,
行う,0.001226424,,,,
がら,0.001226424,,,,
ぬける,0.001226424,,,,
訊ねる,0.001222956,,,,
振り出し,0.001222956,,,,
輪郭,0.001222956,,,,
子ども,0.001222956,,,,
問いかける,0.001222956,,,,
愛情,0.001222956,,,,
誰だ,0.001222956,,,,
セピア色,0.001222956,,,,
戻る,0.001222956,,,,
思春期,0.001222956,,,,
高鳴る,0.001222956,,,,
弾ける,0.001222956,,,,
濡れる,0.001222956,,,,
守れる,0.001222956,,,,
ここにいるよ,0.001222956,,,,
溢れる,0.001222956,,,,
ビル,0.001195166,,,,
青,0.001195166,,,,
紙切れ,0.001195166,,,,
染める,0.001195166,,,,
遠く,0.001195166,,,,
裸足,0.001195166,,,,
かも,0.001195166,,,,
みせる,0.001195166,,,,
サディズム,0.001195166,,,,
救える,0.001195166,,,,
固まる,0.001195166,,,,
すがる,0.001195166,,,,
楽しむ,0.001195166,,,,
血,0.001195166,,,,
久しぶり,0.001195166,,,,
ちゃう,0.001195166,,,,
blues,0.001195166,,,,
認める,0.001195166,,,,
僻む,0.001195166,,,,
金,0.001195166,,,,
傷,0.001195166,,,,
煙草,0.001195166,,,,
偽り,0.001195166,,,,
さっちゃん,0.001195166,,,,
爆弾,0.001195166,,,,
テーマ,0.001195166,,,,
さらす,0.001195166,,,,
見出せる,0.001195166,,,,
何もかも,0.001195166,,,,
髪の毛,0.001195166,,,,
妬む,0.001195166,,,,
どっか,0.001195166,,,,
思い,0.001195166,,,,
欠片,0.001195166,,,,
必死,0.001195166,,,,
命,0.001195166,,,,
teenage,0.001195166,,,,
荒れ果てる,0.001195166,,,,
突っ込む,0.001195166,,,,
募る,0.001195166,,,,
抗う,0.001153293,,,,
ヒーロー,0.001153293,,,,
ぬるい,0.001153293,,,,
人嫌い,0.001153293,,,,
車窓,0.001153293,,,,
営み,0.001153293,,,,
ふざける,0.001153293,,,,
居眠り,0.001153293,,,,
中森,0.001153293,,,,
さくら通り,0.001153293,,,,
ダメ,0.001153293,,,,
あれこれ,0.001153293,,,,
重たい,0.001153293,,,,
悲劇,0.001153293,,,,
変る,0.001153293,,,,
様々,0.001153293,,,,
分け合う,0.001153293,,,,
戸惑う,0.001153293,,,,
映画,0.001153293,,,,
自由,0.001152264,,,,
許し,0.001152264,,,,
出来る,0.001152264,,,,
飛び交う,0.001152264,,,,
人々,0.001143954,,,,
戦う,0.001143954,,,,
間違える,0.001115645,,,,
プレゼント,0.001115645,,,,
文字,0.001115645,,,,
木漏れ日,0.001115645,,,,
桜並木,0.001115645,,,,
線路,0.001115645,,,,
沿い,0.001115645,,,,
石,0.001115645,,,,
針,0.001115645,,,,
公園通り,0.001115645,,,,
優しい光,0.001115645,,,,
すれ違う,0.001115645,,,,
何も言わずに,0.001115645,,,,
いつの,0.001115645,,,,
奥,0.001115645,,,,
街頭,0.001094716,,,,
街宣車,0.001094716,,,,
alright,0.001094716,,,,
右翼,0.001094716,,,,
be,0.001094716,,,,
叫び声,0.001094716,,,,
始まる,0.001094716,,,,
知れる,0.001094716,,,,
議員,0.001094716,,,,
物語,0.001094716,,,,
とりとめる,0.001094716,,,,
掃き溜め,0.001094716,,,,
風に乗って,0.001081911,,,,
佇む,0.001081911,,,,
眼差し,0.001081911,,,,
バスドラ,0.001081911,,,,
鮮やか,0.001081911,,,,
うねる,0.001081911,,,,
ロックンロールバンドロックンロールバンド,0.001081911,,,,
リフレイン,0.001081911,,,,
サーファー,0.001081911,,,,
ステージ,0.001081911,,,,
モニター,0.001081911,,,,
天国への階段,0.001081911,,,,
雪,0.001081911,,,,
感触,0.001081911,,,,
マイク,0.001081911,,,,
弦,0.001081911,,,,
限り,0.001081911,,,,
鐘の音,0.001081911,,,,
ライン,0.001081911,,,,
五,0.001018887,,,,
ロック,0.001018887,,,,
メイデン,0.001018887,,,,
おっさん,0.001018887,,,,
素早い,0.001018887,,,,
悪魔,0.001018887,,,,
生き物,0.001018887,,,,
湖,0.001018887,,,,
釣り,0.001018887,,,,
tシャツ,0.001018887,,,,
泳ぐ,0.001018887,,,,
シルバー,0.001018887,,,,
地面,0.001018887,,,,
所沢,0.001018887,,,,
アイアン,0.001018887,,,,
カボチャ,0.001018887,,,,
おばけ,0.001018887,,,,
趣味,0.001001046,,,,
dive,0.001001046,,,,
ひとつ身,0.001001046,,,,
アイラビューベイビー,0.001001046,,,,
やってくる,0.001001046,,,,
やさしさ,0.001001046,,,,
彗星,0.001001046,,,,
残す,0.001001046,,,,
水,0.001001046,,,,
ところ,0.001001046,,,,
偏屈,0.001001046,,,,
かわいい,0.001001046,,,,
瓶,0.001001046,,,,
吸い上げる,0.001001046,,,,
パイプ,0.001001046,,,,
転ぶ,0.000999188,,,,
つまずく,0.000999188,,,,
そうだ,0.000999188,,,,
ただ,0.000999188,,,,
起きる,0.000999188,,,,
風の音,0.000999188,,,,
行為,0.000999188,,,,
臍,0.000999188,,,,
下りる,0.000999188,,,,
ハート,0.000999188,,,,
臆病者,0.000999188,,,,
アンガス,0.000993559,,,,
ばらまく,0.000993559,,,,
イスラエリー,0.000993559,,,,
待ち合わせ,0.000993559,,,,
シティーライツランデブーカニバリズム,0.000993559,,,,
喰らう,0.000993559,,,,
ドカ,0.000993559,,,,
迷惑,0.000993559,,,,
画面,0.000993559,,,,
エコバック,0.000993559,,,,
ガール,0.000993559,,,,
靴,0.000993559,,,,
エネルギー,0.000993559,,,,
女の子,0.000993559,,,,
死刑囚,0.000993559,,,,
明日へ,0.000993559,,,,
車椅子,0.000993559,,,,
子供,0.000993559,,,,
力ずく,0.000993559,,,,
タイムスリップ,0.000993559,,,,
高円寺,0.000993559,,,,
高さ,0.000993559,,,,
アバディーン,0.000993559,,,,
起こる,0.000993559,,,,
ダンシング,0.000993559,,,,
元気,0.000993559,,,,
紳士,0.000993559,,,,
スマイル,0.000993559,,,,
出せる,0.000993559,,,,
いつもの笑顔で,0.000981559,,,,
鼻,0.000981559,,,,
漬け,0.000981559,,,,
寝たきり,0.000981559,,,,
クリーム色,0.000981559,,,,
男,0.000981559,,,,
アルコール,0.000981559,,,,
ママ,0.000981559,,,,
眩しい,0.000981559,,,,
祈る,0.000886716,,,,
伝わる,0.000886716,,,,
インドクジャク,0.000830599,,,,
放りだす,0.000830599,,,,
校庭,0.000799394,,,,
裏切る,0.000799394,,,,
見つかる,0.000799394,,,,
池,0.000799394,,,,
僕は君,0.000799394,,,,
ボール,0.000799394,,,,
コウモリ,0.000799394,,,,
パン,0.000799394,,,,
陽はまた昇る,0.000790441,,,,
彼,0.000790441,,,,
二つ,0.000790441,,,,
武蔵野,0.000790441,,,,
いろいろ,0.000790441,,,,
天の川,0.000790441,,,,
一瞬の夢,0.000790441,,,,
隠す,0.000753735,,,,
息巻く,0.000753735,,,,
ティービーピーシー,0.000753735,,,,
タンパク質,0.000753735,,,,
食事,0.000753735,,,,
ap,0.000753735,,,,
向かう,0.000753735,,,,
cl,0.000753735,,,,
パスポート,0.000753735,,,,
変える,0.000753735,,,,
カード,0.000753735,,,,
天井,0.000753735,,,,
天才,0.000753735,,,,
ガラガラ,0.000753735,,,,
グルーピーズ,0.000753735,,,,
地震速報,0.000753735,,,,
やけくそ,0.000753735,,,,
治安,0.000753735,,,,
睨む,0.000753735,,,,
vy,0.000753735,,,,
アイデンティティー,0.000753735,,,,
追う,0.000753735,,,,
見飽きる,0.000753735,,,,
みじめ,0.000753735,,,,
整形,0.000753735,,,,
辛い,0.000753735,,,,
理由,0.000753735,,,,
おおいぬ座,0.000753735,,,,
正解,0.000753735,,,,
dylaladylalalalalala,0.000737461,,,,
昼下がり,0.000737461,,,,
島国,0.000737461,,,,
dylalalalalala,0.000737461,,,,
日曜日,0.000737461,,,,
ナショナリスム,0.000737461,,,,
バニラシェイク,0.000737461,,,,
dylala,0.000737461,,,,
注文,0.000737461,,,,
cute,0.000737461,,,,
得意げ,0.000737461,,,,
ベイビー,0.000737461,,,,
アンチシャイニーズナショナリズム,0.000737461,,,,
かき混ぜる,0.000737461,,,,
王,0.000737461,,,,
直系,0.000737461,,,,
アイスコーヒー,0.000737461,,,,
続き,0.00071293,,,,
無くなる,0.00071293,,,,
冬の星,0.00071293,,,,
揺らす,0.00071293,,,,
恋い焦がれる,0.00071293,,,,
手紙,0.00071293,,,,
一言,0.00071293,,,,
振り回す,0.00071293,,,,
見つめる,0.00069054,,,,
つなぐ,0.00069054,,,,
ぎるもののないまっさらな,0.00069054,,,,
終末,0.00069054,,,,
peter,0.00069054,,,,
pan,0.00069054,,,,
シンデレラ,0.00069054,,,,
愛する人,0.00069054,,,,
ミッキーマウス,0.00069054,,,,
死神,0.00069054,,,,
大地,0.00069054,,,,
表情,0.00069054,,,,
血で血を洗う,0.00069054,,,,
求める,0.00069054,,,,
はなす,0.00069054,,,,
おとぎ,0.00069054,,,,
不感症,0.00069054,,,,
ハンマーゴールデンハンマー,0.000681878,,,,
腕,0.000681878,,,,
ドア,0.000681878,,,,
膜,0.000681878,,,,
似る,0.000681878,,,,
薄い,0.000681878,,,,
いたい,0.000681878,,,,
粉々,0.000681878,,,,
臆病,0.000681878,,,,
恐ろしい,0.000681878,,,,
嫉妬,0.000681878,,,,
視界,0.000681878,,,,
キレイ,0.000681878,,,,
ガス,0.000681878,,,,
イカ,0.000681878,,,,
振り上げる,0.000681878,,,,
ちらつく,0.000681878,,,,
溜まる,0.000681878,,,,
特別,0.000681878,,,,
はる,0.000681878,,,,
凄む,0.000644322,,,,
上げる,0.000644322,,,,
出す,0.000644322,,,,
ヨロイ,0.000644322,,,,
need,0.000644322,,,,
忘れ去る,0.000644322,,,,
hey,0.000644322,,,,
野郎,0.000644322,,,,
毎朝,0.000644322,,,,
クズ,0.000644322,,,,
want,0.000644322,,,,
スピード,0.000644322,,,,
繋ぐ,0.000644322,,,,
ニセモノ,0.000644322,,,,
名刺,0.000644322,,,,
天気,0.000547358,,,,
かなしい,0.000547358,,,,
ぐずつく,0.000547358,,,,
ころ,0.000547358,,,,
yes,0.000547358,,,,
s,0.000547358,,,,
西,0.000547358,,,,
誰にも言えない,0.000547358,,,,
め,0.000547358,,,,
桜坂,0.000547358,,,,
脅す,0.000547358,,,,
バンドロックンロールバンドロックンロールバンド,0.000547358,,,,
gonna,0.000547358,,,,